1,13979,jup_battlemap_token_purchase_1
2,13980,jup_battlemap_token_purchase_2
3,13981,jup_battlemap_token_purchase_3
4,13982,jup_battlemap_token_purchase_4
5,13983,jup_battlemap_token_purchase_5
6,13984,jup_battlemap_token_purchase_6
7,13985,jup_battlemap_token_purchase_7
8,13986,jup_battlemap_token_purchase_8
9,13987,jup_battlemap_token_purchase_9
10,13988,jup_battlemap_token_purchase_10
11,13989,jup_battlemap_token_purchase_11
12,13990,jup_battlemap_token_purchase_12
13,13991,jup_battlemap_token_purchase_13
14,13992,jup_battlemap_token_purchase_14
15,13993,jup_battlemap_token_purchase_15
16,13994,jup_battlemap_token_purchase_16
17,13995,jup_battlemap_token_purchase_17
18,13996,jup_battlemap_token_purchase_18
19,13997,jup_battlemap_token_purchase_19
20,13998,jup_battlemap_token_purchase_20
21,13999,jup_battlemap_token_purchase_21
22,14000,jup_battlemap_token_purchase_22
23,14001,jup_battlemap_token_purchase_23
24,14002,jup_battlemap_token_purchase_24
25,14003,jup_battlemap_token_purchase_25
26,14004,jup_battlemap_token_purchase_26
27,14005,jup_battlemap_token_purchase_27
28,14006,jup_battlemap_token_purchase_28
29,14007,jup_battlemap_token_purchase_29
30,14008,jup_battlemap_token_purchase_30
31,14009,jup_battlemap_token_purchase_31
32,14010,jup_battlemap_token_purchase_32
33,14011,jup_battlemap_token_purchase_33
34,14012,jup_battlemap_token_purchase_34
35,14013,jup_battlemap_token_purchase_35
36,14014,jup_battlemap_token_purchase_36
37,14015,jup_battlemap_token_purchase_37
38,14016,jup_battlemap_token_purchase_38
39,14017,jup_battlemap_token_purchase_39
40,14018,jup_battlemap_token_purchase_40
41,14019,jup_battlemap_token_purchase_41
42,14020,jup_battlemap_token_purchase_42
43,14021,jup_battlemap_token_purchase_43
44,14022,jup_battlemap_token_purchase_44
45,14023,jup_battlemap_token_purchase_45
46,14024,jup_battlemap_token_purchase_46
47,14025,jup_battlemap_token_purchase_47
48,14026,jup_battlemap_token_purchase_48
49,14027,jup_battlemap_token_purchase_49
50,14028,jup_battlemap_token_purchase_50
51,14029,jup_battlemap_token_purchase_51
52,14030,jup_battlemap_token_purchase_52
53,14031,jup_battlemap_token_purchase_53
54,14032,jup_battlemap_token_purchase_54
55,14033,jup_battlemap_token_purchase_55
56,14034,jup_battlemap_token_purchase_56
57,14035,jup_battlemap_token_purchase_57
58,14036,jup_battlemap_token_purchase_58
59,14037,jup_battlemap_token_purchase_59
60,14038,jup_battlemap_token_purchase_60
61,14039,jup_battlemap_token_purchase_61
62,14040,jup_battlemap_token_purchase_62
63,14041,jup_battlemap_token_purchase_63
64,14042,jup_battlemap_token_purchase_64
65,14043,jup_battlemap_token_purchase_65
66,14044,jup_battlemap_token_purchase_66
67,14045,jup_battlemap_token_purchase_67
68,14046,jup_battlemap_token_purchase_68
69,14047,jup_battlemap_token_purchase_69
70,14048,jup_battlemap_token_purchase_70
71,14049,jup_battlemap_token_purchase_71
72,14050,jup_battlemap_token_purchase_72
73,14051,jup_battlemap_token_purchase_73
74,14052,jup_battlemap_token_purchase_74
75,14053,jup_battlemap_token_purchase_75
76,14054,jup_battlemap_token_purchase_76
77,14055,jup_battlemap_token_purchase_77
78,14056,jup_battlemap_token_purchase_78
79,14057,jup_battlemap_token_purchase_79
80,14058,jup_battlemap_token_purchase_80
81,14059,jup_battlemap_token_purchase_81
82,14060,jup_battlemap_token_purchase_82
83,14061,jup_battlemap_token_purchase_83
84,14062,jup_battlemap_token_purchase_84
85,14063,jup_battlemap_token_purchase_85
86,14064,jup_battlemap_token_purchase_86
87,14065,jup_battlemap_token_purchase_87
88,14066,jup_battlemap_token_purchase_88
89,14067,jup_battlemap_token_purchase_89
90,14068,jup_battlemap_token_purchase_90
91,14069,jup_battlemap_token_purchase_91
92,14070,jup_battlemap_token_purchase_92
93,14071,jup_battlemap_token_purchase_93
94,14072,jup_battlemap_token_purchase_94
95,14073,jup_battlemap_token_purchase_95
96,14074,jup_battlemap_token_purchase_96
97,14075,jup_battlemap_token_purchase_97
98,14076,jup_battlemap_token_purchase_98
99,14077,jup_battlemap_token_purchase_99
100,14078,jup_battlemap_token_purchase_100
