6657,ui_playercard_001,2,50,10,0,0
6895,ui_playercard_002,2,50,10,0,0
6975,ui_playercard_003,2,50,10,0,0
6175,ui_playercard_004,2,50,10,0,0
6746,ui_playercard_005,2,50,10,0,0
6738,ui_playercard_006,2,50,10,0,0
6146,ui_playercard_007,2,50,10,0,0
6047,ui_playercard_008,2,50,10,0,0
6066,ui_playercard_009,2,50,10,0,0
6671,ui_playercard_010,2,50,10,0,0
6667,ui_playercard_011,2,50,10,0,0
6418,ui_playercard_012,2,50,10,0,0
6319,ui_playercard_013,2,50,10,0,0
6801,ui_playercard_014,2,50,10,0,0
6927,ui_playercard_015,2,50,10,0,0
6221,ui_playercard_016,2,50,10,0,0
6488,ui_playercard_017,2,50,10,0,0
6568,ui_playercard_018,2,50,10,0,0
6078,ui_playercard_019,2,50,10,0,0
7010,ui_playercard_020,2,50,10,0,0
6766,ui_playercard_021,2,50,10,0,0
6545,ui_playercard_022,2,50,10,0,0
6030,ui_playercard_023,2,50,10,0,0
6085,ui_playercard_024,2,50,10,0,0
6928,ui_playercard_025,2,50,10,0,0
6145,ui_playercard_026,2,50,10,0,0
6051,ui_playercard_027,2,50,10,0,0
6372,ui_playercard_028,2,50,10,0,0
6620,ui_playercard_029,2,50,10,0,0
6542,ui_playercard_030,2,50,10,0,0
6509,ui_playercard_031,2,50,10,0,0
6629,ui_playercard_032,2,50,10,0,0
6987,ui_playercard_033,2,50,10,0,0
6265,ui_playercard_034,2,50,10,0,0
6394,ui_playercard_035,2,50,10,0,0
6250,ui_playercard_036,2,50,10,0,0
6417,ui_playercard_037,2,50,10,0,0
6192,ui_playercard_038,2,50,10,0,0
6107,ui_playercard_039,2,50,10,0,0
7003,ui_playercard_040,2,50,10,0,0
6572,ui_playercard_041,2,50,10,0,0
6844,ui_playercard_042,2,50,10,0,0
6335,ui_playercard_043,2,50,10,0,0
6035,ui_playercard_044,2,50,10,0,0
6798,ui_playercard_045,2,50,10,0,0
6082,ui_playercard_046,2,50,10,0,0
6782,ui_playercard_047,2,50,10,0,0
6408,ui_playercard_048,2,50,10,0,0
6758,ui_playercard_049,2,50,10,0,0
6920,ui_playercard_050,2,50,10,0,0
6184,ui_playercard_051,2,50,10,0,0
6569,ui_playercard_052,2,50,10,0,0
6625,ui_playercard_053,2,50,10,0,0
6260,ui_playercard_054,2,50,10,0,1
6225,ui_playercard_055,2,50,10,0,1
6454,ui_playercard_056,2,50,10,0,1
6368,ui_playercard_057,2,50,10,0,1
6600,ui_playercard_058,2,50,10,0,1
6197,ui_playercard_059,2,50,10,0,1
6587,ui_playercard_060,2,50,10,0,1
6739,ui_playercard_061,2,50,10,0,1
6318,ui_playercard_062,2,50,10,0,1
6514,ui_playercard_063,2,50,10,0,1
6052,ui_playercard_064,2,50,10,0,1
6367,ui_playercard_065,2,50,10,0,1
6154,ui_playercard_066,2,50,10,0,1
6894,ui_playercard_067,2,50,10,0,1
6421,ui_playercard_068,2,50,10,0,1
6807,ui_playercard_069,2,50,10,0,1
6943,ui_playercard_070,2,50,10,0,1
6292,ui_playercard_071,2,50,10,0,1
6869,ui_playercard_072,2,50,10,0,1
6686,ui_playercard_073,2,50,10,0,1
6946,ui_playercard_074,2,50,10,0,1
6304,ui_playercard_075,2,50,10,0,1
6348,ui_playercard_076,2,50,10,0,1
6687,ui_playercard_077,2,50,10,0,1
6582,ui_playercard_078,2,50,10,0,1
6825,ui_playercard_079,2,50,10,0,1
6835,ui_playercard_080,2,50,10,0,1
6395,ui_playercard_081,2,50,10,0,1
6114,ui_playercard_082,2,50,10,0,1
6781,ui_playercard_083,2,50,10,0,1
6860,ui_playercard_084,2,50,10,0,1
6079,ui_playercard_085,2,50,10,0,1
6764,ui_playercard_086,2,50,10,0,1
6241,ui_playercard_087,2,50,10,0,1
6430,ui_playercard_088,2,50,10,0,1
6152,ui_playercard_089,2,50,10,0,1
6745,ui_playercard_090,2,50,10,0,1
6409,ui_playercard_091,2,50,10,0,1
6305,ui_playercard_092,2,50,10,0,1
6824,ui_playercard_093,2,50,10,0,1
6793,ui_playercard_094,2,50,10,0,1
6903,ui_playercard_095,2,50,10,0,1
6238,ui_playercard_096,2,50,10,0,1
6971,ui_playercard_097,2,50,10,0,1
6626,ui_playercard_098,2,50,10,0,1
6458,ui_playercard_099,2,50,10,0,1
6171,ui_playercard_100,2,50,10,0,1
6681,ui_playercard_101,2,50,10,0,1
6767,ui_playercard_102,2,50,10,0,1
6909,ui_playercard_103,2,50,10,0,1
6310,ui_playercard_104,2,50,10,0,1
6762,ui_playercard_105,2,50,10,0,1
6836,ui_playercard_106,2,50,10,0,1
6822,ui_playercard_107,2,50,10,0,1
6038,ui_playercard_108,2,50,10,0,1
6016,ui_playercard_109,2,50,10,0,1
6232,ui_playercard_110,2,50,10,0,1
6830,ui_playercard_111,2,50,10,0,1
6021,ui_playercard_112,2,50,10,0,1
6295,ui_playercard_113,2,50,10,0,1
6129,ui_playercard_114,2,50,10,0,1
6689,ui_playercard_115,2,50,10,0,1
6259,ui_playercard_116,2,50,10,0,1
6856,ui_playercard_117,2,50,10,0,1
6352,ui_playercard_118,2,50,10,0,1
6953,ui_playercard_119,2,50,10,0,1
6668,ui_playercard_120,2,50,10,0,1
6539,ui_playercard_121,2,50,10,0,1
6101,ui_playercard_122,2,50,10,0,1
6108,ui_playercard_123,2,50,10,0,1
6768,ui_playercard_124,2,50,10,0,1
6659,ui_playercard_125,2,50,10,0,1
6399,ui_playercard_126,2,50,10,0,1
6517,ui_playercard_127,2,50,10,0,1
6219,ui_playercard_128,2,50,10,0,1
6056,ui_playercard_129,2,50,10,0,1
6462,ui_playercard_130,2,50,10,0,1
6140,ui_playercard_131,2,50,10,0,1
6308,ui_playercard_132,2,50,10,0,1
6224,ui_playercard_133,2,50,10,0,1
6630,ui_playercard_134,2,50,10,0,1
6461,ui_playercard_135,2,50,10,0,1
6843,ui_playercard_136,2,50,10,0,1
6935,ui_playercard_137,2,50,10,0,1
6080,ui_playercard_138,2,50,10,0,1
6258,ui_playercard_139,2,50,10,0,1
6298,ui_playercard_140,2,50,10,0,1
6662,ui_playercard_141,2,50,10,0,1
6156,ui_playercard_142,2,50,10,0,1
6522,ui_playercard_143,2,50,10,0,1
6136,ui_playercard_144,2,50,10,0,1
6949,ui_playercard_145,2,50,10,0,1
6450,ui_playercard_146,2,50,10,0,1
6326,ui_playercard_147,2,50,10,0,1
6700,ui_playercard_148,2,50,10,0,1
6468,ui_playercard_149,2,50,10,0,1
6701,ui_playercard_150,2,50,10,0,1
6925,ui_playercard_151,2,50,10,0,1
6648,ui_playercard_152,2,50,10,0,1
6202,ui_playercard_153,2,50,10,0,1
6193,ui_playercard_154,2,50,10,0,1
6702,ui_playercard_155,2,50,10,0,1
6233,ui_playercard_156,2,50,10,0,1
6064,ui_playercard_157,2,50,10,0,1
6534,ui_playercard_158,2,50,10,0,1
6929,ui_playercard_159,2,50,10,0,1
6256,ui_playercard_160,2,50,10,0,1
6123,ui_playercard_161,2,50,10,0,1
6033,ui_playercard_162,2,50,10,0,1
6459,ui_playercard_163,2,50,10,0,1
6978,ui_playercard_164,2,50,10,0,1
6410,ui_playercard_165,2,50,10,0,1
6842,ui_playercard_166,2,50,10,0,1
6160,ui_playercard_167,2,50,10,0,1
6706,ui_playercard_168,2,50,10,0,1
6110,ui_playercard_169,2,50,10,0,1
6464,ui_playercard_170,2,50,10,0,1
6020,ui_playercard_171,2,50,10,0,1
6641,ui_playercard_172,2,50,10,0,1
6223,ui_playercard_173,2,50,10,0,1
6510,ui_playercard_174,2,50,10,0,1
6715,ui_playercard_175,2,50,10,0,1
6415,ui_playercard_176,2,50,10,0,1
6470,ui_playercard_177,2,50,10,0,1
6962,ui_playercard_178,2,50,10,0,1
6272,ui_playercard_179,2,50,10,0,1
6274,ui_playercard_180,2,50,10,0,1
6390,ui_playercard_181,2,50,10,0,1
6910,ui_playercard_182,2,50,10,0,1
6812,ui_playercard_183,2,50,10,0,1
6711,ui_playercard_184,2,50,10,0,1
6269,ui_playercard_185,2,50,10,0,1
6888,ui_playercard_186,2,50,10,0,1
6772,ui_playercard_187,2,50,10,0,1
6073,ui_playercard_188,2,50,10,0,1
6619,ui_playercard_189,2,50,10,0,1
6429,ui_playercard_190,2,50,10,0,1
6364,ui_playercard_191,2,50,10,0,1
6316,ui_playercard_192,2,50,10,0,1
6444,ui_playercard_193,2,50,10,0,1
7012,ui_playercard_194,2,50,10,0,1
6831,ui_playercard_195,2,50,10,0,1
6264,ui_playercard_196,2,50,10,0,1
6406,ui_playercard_197,2,50,10,0,1
6535,ui_playercard_198,2,50,10,0,1
6521,ui_playercard_199,2,50,10,0,1
6816,ui_playercard_200,2,50,10,0,1
6086,ui_playercard_201,2,50,10,0,1
6608,ui_playercard_202,2,50,10,0,1
6776,ui_playercard_203,2,50,10,0,1
6354,ui_playercard_204,2,50,10,0,1
6302,ui_playercard_205,2,50,10,0,1
6058,ui_playercard_206,2,50,10,0,1
6155,ui_playercard_207,2,50,10,0,1
6198,ui_playercard_208,2,50,10,0,1
6900,ui_playercard_209,2,50,10,0,1
6590,ui_playercard_210,2,50,10,0,1
6669,ui_playercard_211,2,50,10,0,1
6200,ui_playercard_212,2,50,10,0,1
6954,ui_playercard_213,2,50,10,0,1
6106,ui_playercard_214,2,50,10,0,1
6595,ui_playercard_215,2,50,10,0,1
6344,ui_playercard_216,2,50,10,0,1
6546,ui_playercard_217,2,50,10,0,1
6729,ui_playercard_218,2,50,10,0,1
6186,ui_playercard_219,2,50,10,0,1
6489,ui_playercard_220,2,50,10,0,1
6744,ui_playercard_221,2,50,10,0,1
7000,ui_playercard_222,2,50,10,0,1
6580,ui_playercard_223,2,50,10,0,1
6041,ui_playercard_224,2,50,10,0,1
6277,ui_playercard_225,2,50,10,0,1
6690,ui_playercard_226,2,50,10,0,1
6135,ui_playercard_227,2,50,10,0,1
6548,ui_playercard_228,2,50,10,0,1
6346,ui_playercard_229,2,50,10,0,1
6243,ui_playercard_230,2,50,10,0,1
6339,ui_playercard_231,2,50,10,0,1
6095,ui_playercard_232,2,50,10,0,1
6881,ui_playercard_233,2,50,10,0,1
6386,ui_playercard_234,2,50,10,0,1
6324,ui_playercard_235,2,50,10,0,1
6960,ui_playercard_236,2,50,10,0,1
6451,ui_playercard_237,2,50,10,0,1
6296,ui_playercard_238,2,50,10,0,1
6445,ui_playercard_239,2,50,10,0,1
6722,ui_playercard_240,2,50,10,0,1
6775,ui_playercard_241,2,50,10,0,1
6087,ui_playercard_242,2,50,10,0,1
6704,ui_playercard_243,2,50,10,0,1
6631,ui_playercard_244,2,50,10,0,1
7007,ui_playercard_245,2,50,10,0,1
6672,ui_playercard_246,2,50,10,0,1
6684,ui_playercard_247,2,50,10,0,1
6858,ui_playercard_248,2,50,10,0,1
6393,ui_playercard_249,2,50,10,0,1
6244,ui_playercard_250,2,50,10,0,1
6097,ui_playercard_251,2,50,10,0,1
6573,ui_playercard_252,2,50,10,0,1
6823,ui_playercard_253,2,50,10,0,1
6457,ui_playercard_254,2,50,10,0,1
6930,ui_playercard_255,2,50,10,0,1
6077,ui_playercard_256,2,50,10,0,1
6547,ui_playercard_257,2,50,10,0,1
6071,ui_playercard_258,2,50,10,0,1
6424,ui_playercard_259,2,50,10,0,1
6043,ui_playercard_260,2,50,10,0,1
6215,ui_playercard_261,2,50,10,0,1
6780,ui_playercard_262,2,50,10,0,1
6734,ui_playercard_263,2,50,10,0,1
6940,ui_playercard_264,2,50,10,0,1
6485,ui_playercard_265,2,50,10,0,1
6797,ui_playercard_266,2,50,10,0,1
6556,ui_playercard_267,2,50,10,0,1
6933,ui_playercard_268,2,50,10,0,1
6853,ui_playercard_269,2,50,10,0,1
6819,ui_playercard_270,2,50,10,0,1
6981,ui_playercard_271,2,50,10,0,1
6889,ui_playercard_272,2,50,10,0,1
6431,ui_playercard_273,2,50,10,0,1
6217,ui_playercard_274,2,50,10,0,1
6270,ui_playercard_275,2,50,10,0,1
6810,ui_playercard_276,2,50,10,0,1
6621,ui_playercard_277,2,50,10,0,1
7009,ui_playercard_278,2,50,10,0,1
6388,ui_playercard_279,2,50,10,0,1
6917,ui_playercard_280,2,50,10,0,1
6632,ui_playercard_281,2,50,10,0,1
6329,ui_playercard_282,2,50,10,0,1
6642,ui_playercard_283,2,50,10,0,1
6396,ui_playercard_284,2,50,10,0,1
6979,ui_playercard_285,2,50,10,0,1
6116,ui_playercard_286,2,50,10,0,1
6653,ui_playercard_287,2,50,10,0,1
6818,ui_playercard_288,2,50,10,0,1
6553,ui_playercard_289,2,50,10,0,1
6098,ui_playercard_290,2,50,10,0,1
6356,ui_playercard_291,2,50,10,0,1
6501,ui_playercard_292,2,50,10,0,1
6988,ui_playercard_293,2,50,10,0,1
6209,ui_playercard_294,2,50,10,0,1
6887,ui_playercard_295,2,50,10,0,1
6203,ui_playercard_296,2,50,10,0,1
6837,ui_playercard_297,2,50,10,0,1
6731,ui_playercard_298,2,50,10,0,1
6666,ui_playercard_299,2,50,10,0,1
6092,ui_playercard_300,2,50,10,0,1
6273,ui_playercard_301,2,50,10,0,1
6170,ui_playercard_302,2,50,10,0,1
6627,ui_playercard_303,2,50,10,0,1
6496,ui_playercard_304,2,50,10,0,1
6194,ui_playercard_305,2,50,10,0,1
6882,ui_playercard_306,2,50,10,0,1
6902,ui_playercard_307,2,50,10,0,1
6550,ui_playercard_308,2,50,10,0,1
6813,ui_playercard_309,2,50,10,0,1
6942,ui_playercard_310,2,50,10,0,1
6828,ui_playercard_311,2,50,10,0,1
6864,ui_playercard_312,2,50,10,0,1
6168,ui_playercard_313,2,50,10,0,1
6297,ui_playercard_314,2,50,10,0,1
6555,ui_playercard_315,2,50,10,0,1
6633,ui_playercard_316,2,50,10,0,1
6380,ui_playercard_317,2,50,10,0,1
6315,ui_playercard_318,2,50,10,0,1
7004,ui_playercard_319,2,50,10,0,1
6974,ui_playercard_320,2,50,10,0,1
6456,ui_playercard_321,2,50,10,0,1
6634,ui_playercard_322,2,50,10,0,1
6093,ui_playercard_323,2,50,10,0,1
6980,ui_playercard_324,2,50,10,0,1
6099,ui_playercard_325,2,50,10,0,1
6598,ui_playercard_326,2,50,10,0,1
6074,ui_playercard_327,2,50,10,0,1
6765,ui_playercard_328,2,50,10,0,1
6748,ui_playercard_329,2,50,10,0,1
6236,ui_playercard_330,2,50,10,0,1
6143,ui_playercard_331,2,50,10,0,1
6741,ui_playercard_332,2,50,10,0,1
6118,ui_playercard_333,2,50,10,0,1
6370,ui_playercard_334,2,50,10,0,1
6028,ui_playercard_335,2,50,10,0,1
6091,ui_playercard_336,2,50,10,0,1
6403,ui_playercard_337,2,50,10,0,1
6679,ui_playercard_338,2,50,10,0,1
6504,ui_playercard_339,2,50,10,0,1
6213,ui_playercard_340,2,50,10,0,1
6787,ui_playercard_341,2,50,10,0,1
6134,ui_playercard_342,2,50,10,0,1
6578,ui_playercard_343,2,50,10,0,1
6926,ui_playercard_344,2,50,10,0,1
6435,ui_playercard_345,2,50,10,0,1
6938,ui_playercard_346,2,50,10,0,1
6373,ui_playercard_347,2,50,10,0,1
6636,ui_playercard_348,2,50,10,0,1
6802,ui_playercard_349,2,50,10,0,1
6589,ui_playercard_350,2,50,10,0,1
6673,ui_playercard_351,2,50,10,0,1
6249,ui_playercard_352,2,50,10,0,1
6185,ui_playercard_353,2,50,10,0,1
6552,ui_playercard_354,2,50,10,0,1
6306,ui_playercard_355,2,50,10,0,1
6557,ui_playercard_356,2,50,10,0,1
6576,ui_playercard_357,2,50,10,0,1
6854,ui_playercard_358,2,50,10,0,1
6284,ui_playercard_359,2,50,10,0,1
6560,ui_playercard_360,2,50,10,0,1
6617,ui_playercard_361,2,50,10,0,1
6676,ui_playercard_362,2,50,10,0,1
6182,ui_playercard_363,2,50,10,0,1
6566,ui_playercard_364,2,50,10,0,1
6261,ui_playercard_365,2,50,10,0,1
6865,ui_playercard_366,2,50,10,0,1
6692,ui_playercard_367,2,50,10,0,1
6465,ui_playercard_368,2,50,10,0,1
6177,ui_playercard_369,2,50,10,0,1
6090,ui_playercard_370,2,50,10,0,1
6599,ui_playercard_371,2,50,10,0,1
6584,ui_playercard_372,2,50,10,0,1
6841,ui_playercard_373,2,50,10,0,1
6567,ui_playercard_374,2,50,10,0,1
6475,ui_playercard_375,2,50,10,0,1
6239,ui_playercard_376,2,50,10,0,1
6141,ui_playercard_377,2,50,10,0,1
6025,ui_playercard_378,2,50,10,0,1
6581,ui_playercard_379,2,50,10,0,1
6571,ui_playercard_380,2,50,10,0,1
6941,ui_playercard_381,2,50,10,0,1
6921,ui_playercard_382,2,50,10,0,1
6911,ui_playercard_383,2,50,10,0,1
6065,ui_playercard_384,2,50,10,0,1
6434,ui_playercard_385,2,50,10,0,1
6490,ui_playercard_386,2,50,10,0,1
6730,ui_playercard_387,2,50,10,0,1
6112,ui_playercard_388,2,50,10,0,1
6896,ui_playercard_389,2,50,10,0,1
6128,ui_playercard_390,2,50,10,0,1
6157,ui_playercard_391,2,50,10,0,1
6985,ui_playercard_392,2,50,10,0,1
6062,ui_playercard_393,2,50,10,0,1
6481,ui_playercard_394,2,50,10,0,1
6382,ui_playercard_395,2,50,10,0,1
6483,ui_playercard_396,2,50,10,0,1
6779,ui_playercard_397,2,50,10,0,1
6564,ui_playercard_398,2,50,10,0,1
6341,ui_playercard_399,2,50,10,0,1
6773,ui_playercard_400,2,50,10,0,1
6402,ui_playercard_401,2,50,10,0,1
6034,ui_playercard_402,2,50,10,0,1
6132,ui_playercard_403,2,50,10,0,1
6480,ui_playercard_404,2,50,10,0,1
6683,ui_playercard_405,2,50,10,0,1
6527,ui_playercard_406,2,50,10,0,1
6441,ui_playercard_407,2,50,10,0,1
6886,ui_playercard_408,2,50,10,0,1
6518,ui_playercard_409,2,50,10,0,1
6688,ui_playercard_410,2,50,10,0,1
6433,ui_playercard_411,2,50,10,0,1
6362,ui_playercard_412,2,50,10,0,1
6381,ui_playercard_413,2,50,10,0,1
6866,ui_playercard_414,2,50,10,0,1
6506,ui_playercard_415,2,50,10,0,1
6282,ui_playercard_416,2,50,10,0,1
6726,ui_playercard_417,2,50,10,0,1
6383,ui_playercard_418,2,50,10,0,1
6944,ui_playercard_419,2,50,10,0,1
6321,ui_playercard_420,2,50,10,0,1
6670,ui_playercard_421,2,50,10,0,1
6994,ui_playercard_422,2,50,10,0,1
6322,ui_playercard_423,2,50,10,0,1
6147,ui_playercard_424,2,50,10,0,1
6463,ui_playercard_425,2,50,10,0,1
6083,ui_playercard_426,2,50,10,0,1
6665,ui_playercard_427,2,50,10,0,1
6570,ui_playercard_428,2,50,10,0,1
6658,ui_playercard_429,2,50,10,0,1
6169,ui_playercard_430,2,50,10,0,1
6172,ui_playercard_431,2,50,10,0,1
6735,ui_playercard_432,2,50,10,0,1
6363,ui_playercard_433,2,50,10,0,1
6117,ui_playercard_434,2,50,10,0,1
6948,ui_playercard_435,2,50,10,0,1
6549,ui_playercard_436,2,50,10,0,1
6158,ui_playercard_437,2,50,10,0,1
6482,ui_playercard_438,2,50,10,0,1
6778,ui_playercard_439,2,50,10,0,1
6068,ui_playercard_440,2,50,10,0,1
6583,ui_playercard_441,2,50,10,0,1
6998,ui_playercard_442,2,50,10,0,1
6115,ui_playercard_443,2,50,10,0,1
6353,ui_playercard_444,2,50,10,0,1
6996,ui_playercard_445,2,50,10,0,1
6130,ui_playercard_446,2,50,10,0,1
6769,ui_playercard_447,2,50,10,0,1
6707,ui_playercard_448,2,50,10,0,1
6774,ui_playercard_449,2,50,10,0,1
6119,ui_playercard_450,2,50,10,0,1
6799,ui_playercard_451,2,50,10,0,1
6323,ui_playercard_452,2,50,10,0,1
6838,ui_playercard_453,2,50,10,0,1
6884,ui_playercard_454,2,50,10,0,1
6721,ui_playercard_455,2,50,10,0,1
6918,ui_playercard_456,2,50,10,0,1
6029,ui_playercard_457,2,50,10,0,1
6124,ui_playercard_458,2,50,10,0,1
6469,ui_playercard_459,2,50,10,0,1
6612,ui_playercard_460,2,50,10,0,1
6072,ui_playercard_461,2,50,10,0,1
6750,ui_playercard_462,2,50,10,0,1
6222,ui_playercard_463,2,50,10,0,1
6771,ui_playercard_464,2,50,10,0,1
6523,ui_playercard_465,2,50,10,0,1
6712,ui_playercard_466,2,50,10,0,1
6577,ui_playercard_467,2,50,10,0,1
6317,ui_playercard_468,2,50,10,0,1
6647,ui_playercard_469,2,50,10,0,1
6216,ui_playercard_470,2,50,10,0,1
6874,ui_playercard_471,2,50,10,0,1
6150,ui_playercard_472,2,50,10,0,1
6039,ui_playercard_473,2,50,10,0,1
6788,ui_playercard_474,2,50,10,0,1
6541,ui_playercard_475,2,50,10,0,1
6050,ui_playercard_476,2,50,10,0,1
6369,ui_playercard_477,2,50,10,0,1
6253,ui_playercard_478,2,50,10,0,1
6790,ui_playercard_479,2,50,10,0,1
6770,ui_playercard_480,2,50,10,0,1
6439,ui_playercard_481,2,50,10,0,1
6420,ui_playercard_482,2,50,10,0,1
6437,ui_playercard_483,2,50,10,0,1
6251,ui_playercard_484,2,50,10,0,1
6945,ui_playercard_485,2,50,10,0,1
6059,ui_playercard_486,2,50,10,0,1
6442,ui_playercard_487,2,50,10,0,1
6024,ui_playercard_488,2,50,10,0,1
6533,ui_playercard_489,2,50,10,0,1
6891,ui_playercard_490,2,50,10,0,1
6908,ui_playercard_491,2,50,10,0,1
6235,ui_playercard_492,2,50,10,0,1
6285,ui_playercard_493,2,50,10,0,1
6245,ui_playercard_494,2,50,10,0,1
6845,ui_playercard_495,2,50,10,0,1
6936,ui_playercard_496,2,50,10,0,1
6486,ui_playercard_497,2,50,10,0,1
6646,ui_playercard_498,2,50,10,0,1
6237,ui_playercard_499,2,50,10,0,1
6180,ui_playercard_500,2,50,10,0,1
6907,ui_playercard_501,2,50,10,0,1
6596,ui_playercard_502,2,50,10,0,1
6795,ui_playercard_503,2,50,10,0,1
6425,ui_playercard_504,2,50,10,0,1
6640,ui_playercard_505,2,50,10,0,1
7002,ui_playercard_506,2,50,10,0,1
6018,ui_playercard_507,2,50,10,0,1
6725,ui_playercard_508,2,50,10,0,1
6036,ui_playercard_509,2,50,10,0,1
6820,ui_playercard_510,2,50,10,0,1
6511,ui_playercard_511,2,50,10,0,1
6995,ui_playercard_512,2,50,10,0,1
6358,ui_playercard_513,2,50,10,0,1
6804,ui_playercard_514,2,50,10,0,1
6187,ui_playercard_515,2,50,10,0,1
6649,ui_playercard_516,2,50,10,0,1
6878,ui_playercard_517,2,50,10,0,1
6603,ui_playercard_518,2,50,10,0,1
6508,ui_playercard_519,2,50,10,0,1
6084,ui_playercard_520,2,50,10,0,1
6411,ui_playercard_521,2,50,10,0,1
6060,ui_playercard_522,2,50,10,0,1
6416,ui_playercard_523,2,50,10,0,1
6656,ui_playercard_524,2,50,10,0,1
6973,ui_playercard_525,2,50,10,0,1
6505,ui_playercard_526,2,50,10,0,1
6650,ui_playercard_527,2,50,10,0,1
6890,ui_playercard_528,2,50,10,0,1
6188,ui_playercard_529,2,50,10,0,1
6551,ui_playercard_530,2,50,10,0,1
6710,ui_playercard_531,2,50,10,0,1
6901,ui_playercard_532,2,50,10,0,1
6088,ui_playercard_533,2,50,10,0,1
6208,ui_playercard_534,2,50,10,0,1
6951,ui_playercard_535,2,50,10,0,1
6705,ui_playercard_536,2,50,10,0,1
6240,ui_playercard_537,2,50,10,0,1
6037,ui_playercard_538,2,50,10,0,1
6254,ui_playercard_539,2,50,10,0,1
6252,ui_playercard_540,2,50,10,0,1
6922,ui_playercard_541,2,50,10,0,1
6848,ui_playercard_542,2,50,10,0,1
6397,ui_playercard_543,2,50,10,0,1
6609,ui_playercard_544,2,50,10,0,1
6628,ui_playercard_545,2,50,10,0,1
6852,ui_playercard_546,2,50,10,0,1
6017,ui_playercard_547,2,50,10,0,1
6733,ui_playercard_548,2,50,10,0,1
6067,ui_playercard_549,2,50,10,0,1
6246,ui_playercard_550,2,50,10,0,1
6524,ui_playercard_551,2,50,10,0,1
6674,ui_playercard_552,2,50,10,0,1
6604,ui_playercard_553,2,50,10,0,1
6904,ui_playercard_554,2,50,10,0,1
6851,ui_playercard_555,2,50,10,0,1
6815,ui_playercard_556,2,50,10,0,1
6763,ui_playercard_557,2,50,10,0,1
6531,ui_playercard_558,2,50,10,0,1
6939,ui_playercard_559,2,50,10,0,1
6412,ui_playercard_560,2,50,10,0,1
6120,ui_playercard_561,2,50,10,0,1
6287,ui_playercard_562,2,50,10,0,1
6384,ui_playercard_563,2,50,10,0,1
6443,ui_playercard_564,2,50,10,0,1
6585,ui_playercard_565,2,50,10,0,1
6391,ui_playercard_566,2,50,10,0,1
6349,ui_playercard_567,2,50,10,0,1
6467,ui_playercard_568,2,50,10,0,1
6983,ui_playercard_569,2,50,10,0,1
6023,ui_playercard_570,2,50,10,0,1
6724,ui_playercard_571,2,50,10,0,1
6708,ui_playercard_572,2,50,10,0,1
6992,ui_playercard_573,2,50,10,0,1
6846,ui_playercard_574,2,50,10,0,1
6423,ui_playercard_575,2,50,10,0,1
6055,ui_playercard_576,2,50,10,0,1
6355,ui_playercard_577,2,50,10,0,1
6789,ui_playercard_578,2,50,10,0,1
6737,ui_playercard_579,2,50,10,0,1
6478,ui_playercard_580,2,50,10,0,1
6803,ui_playercard_581,2,50,10,0,1
6832,ui_playercard_582,2,50,10,0,1
6957,ui_playercard_583,2,50,10,0,1
6283,ui_playercard_584,2,50,10,0,1
6993,ui_playercard_585,2,50,10,0,1
6990,ui_playercard_586,2,50,10,0,1
6162,ui_playercard_587,2,50,10,0,1
6069,ui_playercard_588,2,50,10,0,1
6438,ui_playercard_589,2,50,10,0,1
6809,ui_playercard_590,2,50,10,0,1
6997,ui_playercard_591,2,50,10,0,1
6345,ui_playercard_592,2,50,10,0,1
6840,ui_playercard_593,2,50,10,0,1
6698,ui_playercard_594,2,50,10,0,1
6257,ui_playercard_595,2,50,10,0,1
6915,ui_playercard_596,2,50,10,0,1
6278,ui_playercard_597,2,50,10,0,1
6472,ui_playercard_598,2,50,10,0,1
6210,ui_playercard_599,2,50,10,0,1
6400,ui_playercard_600,2,50,10,0,1
6540,ui_playercard_601,2,50,10,0,1
6076,ui_playercard_602,2,50,10,0,1
6654,ui_playercard_603,2,50,10,0,1
6752,ui_playercard_604,2,50,10,0,1
6142,ui_playercard_605,2,50,10,0,1
6474,ui_playercard_606,2,50,10,0,1
6181,ui_playercard_607,2,50,10,0,1
6756,ui_playercard_608,2,50,10,0,1
6867,ui_playercard_609,2,50,10,0,1
6507,ui_playercard_610,2,50,10,0,1
6635,ui_playercard_611,2,50,10,0,1
7001,ui_playercard_612,2,50,10,0,1
6875,ui_playercard_613,2,50,10,0,1
6466,ui_playercard_614,2,50,10,0,1
6544,ui_playercard_615,2,50,10,0,1
6385,ui_playercard_616,2,50,10,0,1
6817,ui_playercard_617,2,50,10,0,1
6999,ui_playercard_618,2,50,10,0,1
6961,ui_playercard_619,2,50,10,0,1
6885,ui_playercard_620,2,50,10,0,1
7011,ui_playercard_621,2,50,10,0,1
6923,ui_playercard_622,2,50,10,0,1
6159,ui_playercard_623,2,50,10,0,1
6392,ui_playercard_624,2,50,10,0,1
6161,ui_playercard_625,2,50,10,0,1
6794,ui_playercard_626,2,50,10,0,1
6044,ui_playercard_627,2,50,10,0,1
6529,ui_playercard_628,2,50,10,0,1
6212,ui_playercard_629,2,50,10,0,1
6360,ui_playercard_630,2,50,10,0,1
6950,ui_playercard_631,2,50,10,0,1
6022,ui_playercard_632,2,50,10,0,1
6605,ui_playercard_633,2,50,10,0,1
6986,ui_playercard_634,2,50,10,0,1
6100,ui_playercard_635,2,50,10,0,1
6693,ui_playercard_636,2,50,10,0,1
6220,ui_playercard_637,2,50,10,0,1
6122,ui_playercard_638,2,50,10,0,1
6229,ui_playercard_639,2,50,10,0,1
6892,ui_playercard_640,2,50,10,0,1
6655,ui_playercard_641,2,50,10,0,1
6031,ui_playercard_642,2,50,10,0,1
6536,ui_playercard_643,2,50,10,0,1
6103,ui_playercard_644,2,50,10,0,1
6761,ui_playercard_645,2,50,10,0,1
6850,ui_playercard_646,2,50,10,0,1
6857,ui_playercard_647,2,50,10,0,1
6338,ui_playercard_648,2,50,10,0,1
6964,ui_playercard_649,2,50,10,0,1
6661,ui_playercard_650,2,50,10,0,1
6876,ui_playercard_651,2,50,10,0,1
6913,ui_playercard_652,2,50,10,0,1
6610,ui_playercard_653,2,50,10,0,1
6290,ui_playercard_654,2,50,10,0,1
6615,ui_playercard_655,2,50,10,0,1
6230,ui_playercard_656,2,50,10,0,1
6811,ui_playercard_657,2,50,10,0,1
6502,ui_playercard_658,2,50,10,0,1
6591,ui_playercard_659,2,50,10,0,1
6611,ui_playercard_660,2,50,10,0,1
6013,ui_playercard_661,2,50,10,0,1
6786,ui_playercard_662,2,50,10,0,1
6291,ui_playercard_663,2,50,10,0,1
6378,ui_playercard_664,2,50,10,0,1
6374,ui_playercard_665,2,50,10,0,1
6401,ui_playercard_666,2,50,10,0,1
6558,ui_playercard_667,2,50,10,0,1
6664,ui_playercard_668,2,50,10,0,1
6040,ui_playercard_669,2,50,10,0,1
6195,ui_playercard_670,2,50,10,0,1
6163,ui_playercard_671,2,50,10,0,1
6859,ui_playercard_672,2,50,10,0,1
6968,ui_playercard_673,2,50,10,0,1
6643,ui_playercard_674,2,50,10,0,1
6916,ui_playercard_675,2,50,10,0,1
6872,ui_playercard_676,2,50,10,0,1
6262,ui_playercard_677,2,50,10,0,1
6061,ui_playercard_678,2,50,10,0,1
6827,ui_playercard_679,2,50,10,0,1
6924,ui_playercard_680,2,50,10,0,1
6984,ui_playercard_681,2,50,10,0,1
6340,ui_playercard_682,2,50,10,0,1
6622,ui_playercard_683,2,50,10,0,1
6426,ui_playercard_684,2,50,10,0,1
7006,ui_playercard_685,2,50,10,0,1
6931,ui_playercard_686,2,50,10,0,1
6597,ui_playercard_687,2,50,10,0,1
6196,ui_playercard_688,2,50,10,0,1
6785,ui_playercard_689,2,50,10,0,1
6214,ui_playercard_690,2,50,10,0,1
6281,ui_playercard_691,2,50,10,0,1
6747,ui_playercard_692,2,50,10,0,1
6336,ui_playercard_693,2,50,10,0,1
6190,ui_playercard_694,2,50,10,0,1
6660,ui_playercard_695,2,50,10,0,1
6877,ui_playercard_696,2,50,10,0,1
6791,ui_playercard_697,2,50,10,0,1
6166,ui_playercard_698,2,50,10,0,1
6476,ui_playercard_699,2,50,10,0,1
6792,ui_playercard_700,2,50,10,0,1
6716,ui_playercard_701,2,50,10,0,1
6301,ui_playercard_702,2,50,10,0,1
6342,ui_playercard_703,2,50,10,0,1
6796,ui_playercard_704,2,50,10,0,1
6879,ui_playercard_705,2,50,10,0,1
6448,ui_playercard_706,2,50,10,0,1
6574,ui_playercard_707,2,50,10,0,1
6520,ui_playercard_708,2,50,10,0,1
6133,ui_playercard_709,2,50,10,0,1
6530,ui_playercard_710,2,50,10,0,1
6847,ui_playercard_711,2,50,10,0,1
6677,ui_playercard_712,2,50,10,0,1
6432,ui_playercard_713,2,50,10,0,1
6111,ui_playercard_714,2,50,10,0,1
6121,ui_playercard_715,2,50,10,0,1
6783,ui_playercard_716,2,50,10,0,1
6863,ui_playercard_717,2,50,10,0,1
6717,ui_playercard_718,2,50,10,0,1
6333,ui_playercard_719,2,50,10,0,1
6330,ui_playercard_720,2,50,10,0,1
6719,ui_playercard_721,2,50,10,0,1
6952,ui_playercard_722,2,50,10,0,1
6228,ui_playercard_723,2,50,10,0,1
6967,ui_playercard_724,2,50,10,0,1
6562,ui_playercard_725,2,50,10,0,1
6191,ui_playercard_726,2,50,10,0,1
6512,ui_playercard_727,2,50,10,0,1
6379,ui_playercard_728,2,50,10,0,1
6266,ui_playercard_729,2,50,10,0,1
6226,ui_playercard_730,2,50,10,0,1
6526,ui_playercard_731,2,50,10,0,1
6639,ui_playercard_732,2,50,10,0,1
6337,ui_playercard_733,2,50,10,0,1
6479,ui_playercard_734,2,50,10,0,1
6449,ui_playercard_735,2,50,10,0,1
6833,ui_playercard_736,2,50,10,0,1
6460,ui_playercard_737,2,50,10,0,1
6179,ui_playercard_738,2,50,10,0,1
6042,ui_playercard_739,2,50,10,0,1
6471,ui_playercard_740,2,50,10,0,1
6436,ui_playercard_741,2,50,10,0,1
6366,ui_playercard_742,2,50,10,0,1
6694,ui_playercard_743,2,50,10,0,1
6455,ui_playercard_744,2,50,10,0,1
6164,ui_playercard_745,2,50,10,0,1
6311,ui_playercard_746,2,50,10,0,1
6303,ui_playercard_747,2,50,10,0,1
6955,ui_playercard_748,2,50,10,0,1
6312,ui_playercard_749,2,50,10,0,1
6453,ui_playercard_750,2,50,10,0,1
6528,ui_playercard_751,2,50,10,0,1
6970,ui_playercard_752,2,50,10,0,1
6873,ui_playercard_753,2,50,10,0,1
6956,ui_playercard_754,2,50,10,0,1
6538,ui_playercard_755,2,50,10,0,1
6663,ui_playercard_756,2,50,10,0,1
6199,ui_playercard_757,2,50,10,0,1
6045,ui_playercard_758,2,50,10,0,1
6525,ui_playercard_759,2,50,10,0,1
6139,ui_playercard_760,2,50,10,0,1
6826,ui_playercard_761,2,50,10,0,1
6109,ui_playercard_762,2,50,10,0,1
6289,ui_playercard_763,2,50,10,0,1
6958,ui_playercard_764,2,50,10,0,1
6883,ui_playercard_765,2,50,10,0,1
6749,ui_playercard_766,2,50,10,0,1
6334,ui_playercard_767,2,50,10,0,1
6699,ui_playercard_768,2,50,10,0,1
6651,ui_playercard_769,2,50,10,0,1
6919,ui_playercard_770,2,50,10,0,1
6614,ui_playercard_771,2,50,10,0,1
6861,ui_playercard_772,2,50,10,0,1
6905,ui_playercard_773,2,50,10,0,1
6495,ui_playercard_774,2,50,10,0,1
6586,ui_playercard_775,2,50,10,0,1
6102,ui_playercard_776,2,50,10,0,1
6606,ui_playercard_777,2,50,10,0,1
6014,ui_playercard_778,2,50,10,0,1
6914,ui_playercard_779,2,50,10,0,1
6645,ui_playercard_780,2,50,10,0,1
6682,ui_playercard_781,2,50,10,0,1
6359,ui_playercard_782,2,50,10,0,1
6499,ui_playercard_783,2,50,10,0,1
6972,ui_playercard_784,2,50,10,0,1
6371,ui_playercard_785,2,50,10,0,1
6500,ui_playercard_786,2,50,10,0,1
6703,ui_playercard_787,2,50,10,0,1
6563,ui_playercard_788,2,50,10,0,1
6554,ui_playercard_789,2,50,10,0,1
6513,ui_playercard_790,2,50,10,0,1
6982,ui_playercard_791,2,50,10,0,1
6720,ui_playercard_792,2,50,10,0,1
6897,ui_playercard_793,2,50,10,0,1
6173,ui_playercard_794,2,50,10,0,1
6446,ui_playercard_795,2,50,10,0,1
6263,ui_playercard_796,2,50,10,0,1
6808,ui_playercard_797,2,50,10,0,1
6755,ui_playercard_798,2,50,10,0,1
6932,ui_playercard_799,2,50,10,0,1
6327,ui_playercard_800,2,50,10,0,1
6784,ui_playercard_801,2,50,10,0,1
6365,ui_playercard_802,2,50,10,0,1
6131,ui_playercard_803,2,50,10,0,1
6404,ui_playercard_804,2,50,10,0,1
6227,ui_playercard_805,2,50,10,0,1
6201,ui_playercard_806,2,50,10,0,1
6405,ui_playercard_807,2,50,10,0,1
6893,ui_playercard_808,2,50,10,0,1
7008,ui_playercard_809,2,50,10,0,1
6695,ui_playercard_810,2,50,10,0,1
6868,ui_playercard_811,2,50,10,0,1
6899,ui_playercard_812,2,50,10,0,1
6473,ui_playercard_813,2,50,10,0,1
6588,ui_playercard_814,2,50,10,0,1
6906,ui_playercard_815,2,50,10,0,1
6176,ui_playercard_816,2,50,10,0,1
6491,ui_playercard_817,2,50,10,0,1
6675,ui_playercard_818,2,50,10,0,1
6834,ui_playercard_819,2,50,10,0,1
6206,ui_playercard_820,2,50,10,0,1
6300,ui_playercard_821,2,50,10,0,1
6104,ui_playercard_822,2,50,10,0,1
6231,ui_playercard_823,2,50,10,0,1
6484,ui_playercard_824,2,50,10,0,1
6709,ui_playercard_825,2,50,10,0,1
6151,ui_playercard_826,2,50,10,0,1
6757,ui_playercard_827,2,50,10,0,1
6814,ui_playercard_828,2,50,10,0,1
6736,ui_playercard_829,2,50,10,0,1
6607,ui_playercard_830,2,50,10,0,1
6361,ui_playercard_831,2,50,10,0,1
6271,ui_playercard_832,2,50,10,0,1
6855,ui_playercard_833,2,50,10,0,1
6829,ui_playercard_834,2,50,10,0,1
6234,ui_playercard_835,2,50,10,0,1
6389,ui_playercard_836,2,50,10,0,1
6204,ui_playercard_837,2,50,10,0,1
6440,ui_playercard_838,2,50,10,0,1
6205,ui_playercard_839,2,50,10,0,1
6565,ui_playercard_840,2,50,10,0,1
6452,ui_playercard_841,2,50,10,0,1
6063,ui_playercard_842,2,50,10,0,1
6732,ui_playercard_843,2,50,10,0,1
6519,ui_playercard_844,2,50,10,0,1
6742,ui_playercard_845,2,50,10,0,1
6947,ui_playercard_846,2,50,10,0,1
6138,ui_playercard_847,2,50,10,0,1
6351,ui_playercard_848,2,50,10,0,1
6976,ui_playercard_849,2,50,10,0,1
6760,ui_playercard_850,2,50,10,0,1
6498,ui_playercard_851,2,50,10,0,1
6387,ui_playercard_852,2,50,10,0,1
6398,ui_playercard_853,2,50,10,0,1
6299,ui_playercard_854,2,50,10,0,1
6644,ui_playercard_855,2,50,10,0,1
6207,ui_playercard_856,2,50,10,0,1
6912,ui_playercard_857,2,50,10,0,1
6325,ui_playercard_858,2,50,10,0,1
6497,ui_playercard_859,2,50,10,0,1
6447,ui_playercard_860,2,50,10,0,1
6718,ui_playercard_861,2,50,10,0,1
6991,ui_playercard_862,2,50,10,0,1
6286,ui_playercard_863,2,50,10,0,1
6839,ui_playercard_864,2,50,10,0,1
6601,ui_playercard_865,2,50,10,0,1
6153,ui_playercard_866,2,50,10,0,1
6579,ui_playercard_867,2,50,10,0,1
6613,ui_playercard_868,2,50,10,0,1
6015,ui_playercard_869,2,50,10,0,1
6623,ui_playercard_870,2,50,10,0,1
6218,ui_playercard_871,2,50,10,0,1
6696,ui_playercard_872,2,50,10,0,1
6089,ui_playercard_873,2,50,10,0,1
6898,ui_playercard_874,2,50,10,0,1
6777,ui_playercard_875,2,50,10,0,1
6279,ui_playercard_876,2,50,10,0,1
6375,ui_playercard_877,2,50,10,0,1
6422,ui_playercard_878,2,50,10,0,1
6113,ui_playercard_879,2,50,10,0,1
6559,ui_playercard_880,2,50,10,0,1
6174,ui_playercard_881,2,50,10,0,1
6137,ui_playercard_882,2,50,10,0,1
6313,ui_playercard_883,2,50,10,0,1
6211,ui_playercard_884,2,50,10,0,1
6880,ui_playercard_885,2,50,10,0,1
6189,ui_playercard_886,2,50,10,0,1
6328,ui_playercard_887,2,50,10,0,1
6515,ui_playercard_888,2,50,10,0,1
6247,ui_playercard_889,2,50,10,0,1
6487,ui_playercard_890,2,50,10,0,1
6343,ui_playercard_891,2,50,10,0,1
6148,ui_playercard_892,2,50,10,0,1
6347,ui_playercard_893,2,50,10,0,1
6376,ui_playercard_894,2,50,10,0,1
6800,ui_playercard_895,2,50,10,0,1
6537,ui_playercard_896,2,50,10,0,1
6428,ui_playercard_897,2,50,10,0,1
6963,ui_playercard_898,2,50,10,0,1
6268,ui_playercard_899,2,50,10,0,1
6691,ui_playercard_900,2,50,10,0,1
6075,ui_playercard_901,2,50,10,0,1
6638,ui_playercard_902,2,50,10,0,1
6492,ui_playercard_903,2,50,10,0,1
6821,ui_playercard_904,2,50,10,0,1
6046,ui_playercard_905,2,50,10,0,1
6532,ui_playercard_906,2,50,10,0,1
6331,ui_playercard_907,2,50,10,0,1
6592,ui_playercard_908,2,50,10,0,1
6248,ui_playercard_909,2,50,10,0,1
6652,ui_playercard_910,2,50,10,0,1
6070,ui_playercard_911,2,50,10,0,1
6165,ui_playercard_912,2,50,10,0,1
6616,ui_playercard_913,2,50,10,0,1
6178,ui_playercard_914,2,50,10,0,1
6728,ui_playercard_915,2,50,10,0,1
6053,ui_playercard_916,2,50,10,0,1
6096,ui_playercard_917,2,50,10,0,1
6989,ui_playercard_918,2,50,10,0,1
6977,ui_playercard_919,2,50,10,0,1
6754,ui_playercard_920,2,50,10,0,1
6320,ui_playercard_921,2,50,10,0,1
6183,ui_playercard_922,2,50,10,0,1
6740,ui_playercard_923,2,50,10,0,1
6267,ui_playercard_924,2,50,10,0,1
6713,ui_playercard_925,2,50,10,0,1
6293,ui_playercard_926,2,50,10,0,1
6937,ui_playercard_927,2,50,10,0,1
6048,ui_playercard_928,2,50,10,0,1
6288,ui_playercard_929,2,50,10,0,1
6685,ui_playercard_930,2,50,10,0,1
6870,ui_playercard_931,2,50,10,0,1
6966,ui_playercard_932,2,50,10,0,1
6575,ui_playercard_933,2,50,10,0,1
6561,ui_playercard_934,2,50,10,0,1
6934,ui_playercard_935,2,50,10,0,1
6294,ui_playercard_936,2,50,10,0,1
6026,ui_playercard_937,2,50,10,0,1
6419,ui_playercard_938,2,50,10,0,1
6054,ui_playercard_939,2,50,10,0,1
6255,ui_playercard_940,2,50,10,0,1
6149,ui_playercard_941,2,50,10,0,1
6126,ui_playercard_942,2,50,10,0,1
6618,ui_playercard_943,2,50,10,0,1
6377,ui_playercard_944,2,50,10,0,1
6477,ui_playercard_945,2,50,10,0,1
6125,ui_playercard_946,2,50,10,0,1
6276,ui_playercard_947,2,50,10,0,1
6493,ui_playercard_948,2,50,10,0,1
6593,ui_playercard_949,2,50,10,0,1
6714,ui_playercard_950,2,50,10,0,1
6594,ui_playercard_951,2,50,10,0,1
6751,ui_playercard_952,2,50,10,0,1
6275,ui_playercard_953,2,50,10,0,1
6127,ui_playercard_954,2,50,10,0,1
6314,ui_playercard_955,2,50,10,0,1
6759,ui_playercard_956,2,50,10,0,1
6743,ui_playercard_957,2,50,10,0,1
6805,ui_playercard_958,2,50,10,0,1
6242,ui_playercard_959,2,50,10,0,1
6307,ui_playercard_960,2,50,10,0,1
6057,ui_playercard_961,2,50,10,0,1
6407,ui_playercard_962,2,50,10,0,1
6871,ui_playercard_963,2,50,10,0,1
6413,ui_playercard_964,2,50,10,0,1
6309,ui_playercard_965,2,50,10,0,1
6697,ui_playercard_966,2,50,10,0,1
6680,ui_playercard_967,2,50,10,0,1
6332,ui_playercard_968,2,50,10,0,1
6427,ui_playercard_969,2,50,10,0,1
6624,ui_playercard_970,2,50,10,0,1
6543,ui_playercard_971,2,50,10,0,1
6167,ui_playercard_972,2,50,10,0,1
7005,ui_playercard_973,2,50,10,0,1
6959,ui_playercard_974,2,50,10,0,1
6503,ui_playercard_975,2,50,10,0,1
6280,ui_playercard_976,2,50,10,0,1
6350,ui_playercard_977,2,50,10,0,1
6094,ui_playercard_978,2,50,10,0,1
6032,ui_playercard_979,2,50,10,0,1
6678,ui_playercard_980,2,50,10,0,1
6357,ui_playercard_981,2,50,10,0,1
6019,ui_playercard_982,2,50,10,0,1
6105,ui_playercard_983,2,50,10,0,1
6081,ui_playercard_984,2,50,10,0,1
6637,ui_playercard_985,2,50,10,0,1
6753,ui_playercard_986,2,50,10,0,1
6849,ui_playercard_987,2,50,10,0,1
6727,ui_playercard_988,2,50,10,0,1
6723,ui_playercard_989,2,50,10,0,1
6965,ui_playercard_990,2,50,10,0,1
6806,ui_playercard_991,2,50,10,0,1
6602,ui_playercard_992,2,50,10,0,1
6027,ui_playercard_993,2,50,10,0,1
6494,ui_playercard_994,2,50,10,0,1
6049,ui_playercard_995,2,50,10,0,1
6516,ui_playercard_996,2,50,10,0,1
6144,ui_playercard_997,2,50,10,0,1
6862,ui_playercard_998,2,50,10,0,1
6969,ui_playercard_999,2,50,10,0,1
6414,ui_playercard_1000,2,50,10,0,1
7946,ui_playercard_mobile_placeholder_001,2,50,10,0,1
7948,ui_playercard_mobile_placeholder_002,2,50,10,0,1
7949,ui_playercard_mobile_placeholder_003,2,50,10,0,1
7947,ui_playercard_mobile_placeholder_004,2,50,10,0,1
11947,ui_playercard_1001,2,50,10,0,1
11943,ui_playercard_1002,2,50,10,0,1
11941,ui_playercard_1003,2,50,10,0,1
11944,ui_playercard_1004,2,50,10,0,1
11939,ui_playercard_1005,2,50,10,0,1
11950,ui_playercard_1006,2,50,10,0,1
11949,ui_playercard_1007,2,50,10,0,1
11946,ui_playercard_1008,2,50,10,0,1
11945,ui_playercard_1009,2,50,10,0,1
11942,ui_playercard_1010,2,50,10,0,1
11940,ui_playercard_1011,2,50,10,0,1
11948,ui_playercard_1012,2,50,10,0,1
14099,ui_playercard_mastery_element119_ahotel,2,50,10,0,1
14042,ui_playercard_mastery_element119_akilo,2,50,10,0,1
13994,ui_playercard_mastery_element119_akilo105,2,50,10,0,1
14098,ui_playercard_mastery_element119_akilo74,2,50,10,0,1
13983,ui_playercard_mastery_element119_alpha57,2,50,10,0,1
13984,ui_playercard_mastery_element119_apapa,2,50,10,0,1
14001,ui_playercard_mastery_element119_augolf,2,50,10,0,1
14024,ui_playercard_mastery_element119_aviktor,2,50,10,0,1
14126,ui_playercard_mastery_element119_beta,2,50,10,0,1
14155,ui_playercard_mastery_element119_charlie725,2,50,10,0,1
14084,ui_playercard_mastery_element119_decho,2,50,10,0,1
14154,ui_playercard_mastery_element119_foxtrot,2,50,10,0,1
13981,ui_playercard_mastery_element119_golf17,2,50,10,0,1
14079,ui_playercard_mastery_element119_golf18,2,50,10,0,1
13992,ui_playercard_mastery_element119_golf3,2,50,10,0,1
14094,ui_playercard_mastery_element119_gromeo,2,50,10,0,1
14026,ui_playercard_mastery_element119_juliet,2,50,10,0,1
14070,ui_playercard_mastery_element119_kgolf,2,50,10,0,1
14136,ui_playercard_mastery_element119_kilo21,2,50,10,0,1
14052,ui_playercard_mastery_element119_kilo53,2,50,10,0,1
14040,ui_playercard_mastery_element119_la700,2,50,10,0,1
14025,ui_playercard_mastery_element119_limax,2,50,10,0,1
14073,ui_playercard_mastery_element119_mbravo,2,50,10,0,1
14117,ui_playercard_mastery_element119_mike1014,2,50,10,0,1
14141,ui_playercard_mastery_element119_mike14,2,50,10,0,1
13999,ui_playercard_mastery_element119_mike16,2,50,10,0,1
13968,ui_playercard_mastery_element119_mike24,2,50,10,0,1
13971,ui_playercard_mastery_element119_mike4,2,50,10,0,1
13970,ui_playercard_mastery_element119_mpapa5,2,50,10,0,1
13957,ui_playercard_mastery_element119_mpapa7,2,50,10,0,1
14078,ui_playercard_mastery_element119_mromeo,2,50,10,0,1
14148,ui_playercard_mastery_element119_msecho,2,50,10,0,1
13955,ui_playercard_mastery_element119_mviktor,2,50,10,0,1
14120,ui_playercard_mastery_element119_ngolf7,2,50,10,0,1
13991,ui_playercard_mastery_element119_papa220,2,50,10,0,1
13956,ui_playercard_mastery_element119_papa90,2,50,10,0,1
14017,ui_playercard_mastery_element119_pgolf1,2,50,10,0,1
14041,ui_playercard_mastery_element119_riotshield,2,50,10,0,1
14083,ui_playercard_mastery_element119_rkilo,2,50,10,0,1
13993,ui_playercard_mastery_element119_rpapa7,2,50,10,0,1
14134,ui_playercard_mastery_element119_sa700,2,50,10,0,1
14055,ui_playercard_mastery_element119_sbeta,2,50,10,0,1
14037,ui_playercard_mastery_element119_scharlie,2,50,10,0,1
14009,ui_playercard_mastery_element119_schotel,2,50,10,0,1
14029,ui_playercard_mastery_element119_scromeo,2,50,10,0,1
14021,ui_playercard_mastery_element119_slima,2,50,10,0,1
14047,ui_playercard_mastery_element119_soscar14,2,50,10,0,1
14132,ui_playercard_mastery_element119_swhiskey,2,50,10,0,1
14142,ui_playercard_mastery_element119_tacticalknife,2,50,10,0,1
14033,ui_playercard_mastery_element119_victor,2,50,10,0,1
13969,ui_playercard_mastery_element119_xmike2010,2,50,10,0,1
14066,ui_playercard_mastery_gold_ahotel,2,50,10,0,1
14143,ui_playercard_mastery_gold_akilo,2,50,10,0,1
14058,ui_playercard_mastery_gold_akilo105,2,50,10,0,1
14103,ui_playercard_mastery_gold_akilo74,2,50,10,0,1
14140,ui_playercard_mastery_gold_alpha57,2,50,10,0,1
14109,ui_playercard_mastery_gold_apapa,2,50,10,0,1
14003,ui_playercard_mastery_gold_augolf,2,50,10,0,1
14082,ui_playercard_mastery_gold_aviktor,2,50,10,0,1
14014,ui_playercard_mastery_gold_beta,2,50,10,0,1
14032,ui_playercard_mastery_gold_charlie725,2,50,10,0,1
14151,ui_playercard_mastery_gold_decho,2,50,10,0,1
13967,ui_playercard_mastery_gold_foxtrot,2,50,10,0,1
14061,ui_playercard_mastery_gold_golf17,2,50,10,0,1
14006,ui_playercard_mastery_gold_golf18,2,50,10,0,1
14090,ui_playercard_mastery_gold_golf3,2,50,10,0,1
14030,ui_playercard_mastery_gold_gromeo,2,50,10,0,1
14069,ui_playercard_mastery_gold_juliet,2,50,10,0,1
14112,ui_playercard_mastery_gold_kgolf,2,50,10,0,1
13986,ui_playercard_mastery_gold_kilo21,2,50,10,0,1
13958,ui_playercard_mastery_gold_kilo53,2,50,10,0,1
14038,ui_playercard_mastery_gold_la700,2,50,10,0,1
14150,ui_playercard_mastery_gold_limax,2,50,10,0,1
14054,ui_playercard_mastery_gold_mbravo,2,50,10,0,1
13954,ui_playercard_mastery_gold_mike1014,2,50,10,0,1
14043,ui_playercard_mastery_gold_mike14,2,50,10,0,1
14000,ui_playercard_mastery_gold_mike16,2,50,10,0,1
13985,ui_playercard_mastery_gold_mike24,2,50,10,0,1
14113,ui_playercard_mastery_gold_mike4,2,50,10,0,1
14149,ui_playercard_mastery_gold_mpapa5,2,50,10,0,1
14102,ui_playercard_mastery_gold_mpapa7,2,50,10,0,1
14064,ui_playercard_mastery_gold_mromeo,2,50,10,0,1
14076,ui_playercard_mastery_gold_msecho,2,50,10,0,1
14027,ui_playercard_mastery_gold_mviktor,2,50,10,0,1
14108,ui_playercard_mastery_gold_ngolf7,2,50,10,0,1
14110,ui_playercard_mastery_gold_papa220,2,50,10,0,1
14057,ui_playercard_mastery_gold_papa90,2,50,10,0,1
13974,ui_playercard_mastery_gold_pgolf1,2,50,10,0,1
14101,ui_playercard_mastery_gold_riotshield,2,50,10,0,1
14031,ui_playercard_mastery_gold_rkilo,2,50,10,0,1
14106,ui_playercard_mastery_gold_rpapa7,2,50,10,0,1
14075,ui_playercard_mastery_gold_sa700,2,50,10,0,1
14002,ui_playercard_mastery_gold_sbeta,2,50,10,0,1
14008,ui_playercard_mastery_gold_scharlie,2,50,10,0,1
14100,ui_playercard_mastery_gold_schotel,2,50,10,0,1
14045,ui_playercard_mastery_gold_scromeo,2,50,10,0,1
14034,ui_playercard_mastery_gold_slima,2,50,10,0,1
14072,ui_playercard_mastery_gold_soscar14,2,50,10,0,1
14145,ui_playercard_mastery_gold_swhiskey,2,50,10,0,1
14115,ui_playercard_mastery_gold_tacticalknife,2,50,10,0,1
14107,ui_playercard_mastery_gold_victor,2,50,10,0,1
13961,ui_playercard_mastery_gold_xmike2010,2,50,10,0,1
14123,ui_playercard_mastery_orion_ahotel,2,50,10,0,1
14012,ui_playercard_mastery_orion_akilo,2,50,10,0,1
14121,ui_playercard_mastery_orion_akilo105,2,50,10,0,1
14010,ui_playercard_mastery_orion_akilo74,2,50,10,0,1
13978,ui_playercard_mastery_orion_alpha57,2,50,10,0,1
14114,ui_playercard_mastery_orion_apapa,2,50,10,0,1
14056,ui_playercard_mastery_orion_augolf,2,50,10,0,1
14049,ui_playercard_mastery_orion_aviktor,2,50,10,0,1
13988,ui_playercard_mastery_orion_beta,2,50,10,0,1
14011,ui_playercard_mastery_orion_charlie725,2,50,10,0,1
14013,ui_playercard_mastery_orion_decho,2,50,10,0,1
14156,ui_playercard_mastery_orion_foxtrot,2,50,10,0,1
14111,ui_playercard_mastery_orion_golf17,2,50,10,0,1
14116,ui_playercard_mastery_orion_golf18,2,50,10,0,1
14087,ui_playercard_mastery_orion_golf3,2,50,10,0,1
14059,ui_playercard_mastery_orion_gromeo,2,50,10,0,1
14096,ui_playercard_mastery_orion_juliet,2,50,10,0,1
14077,ui_playercard_mastery_orion_kgolf,2,50,10,0,1
13966,ui_playercard_mastery_orion_kilo21,2,50,10,0,1
14127,ui_playercard_mastery_orion_kilo53,2,50,10,0,1
13965,ui_playercard_mastery_orion_la700,2,50,10,0,1
13972,ui_playercard_mastery_orion_limax,2,50,10,0,1
14051,ui_playercard_mastery_orion_mbravo,2,50,10,0,1
14080,ui_playercard_mastery_orion_mike1014,2,50,10,0,1
14022,ui_playercard_mastery_orion_mike14,2,50,10,0,1
14091,ui_playercard_mastery_orion_mike16,2,50,10,0,1
14124,ui_playercard_mastery_orion_mike24,2,50,10,0,1
14018,ui_playercard_mastery_orion_mike4,2,50,10,0,1
14005,ui_playercard_mastery_orion_mpapa5,2,50,10,0,1
13963,ui_playercard_mastery_orion_mpapa7,2,50,10,0,1
14028,ui_playercard_mastery_orion_mromeo,2,50,10,0,1
14060,ui_playercard_mastery_orion_msecho,2,50,10,0,1
14129,ui_playercard_mastery_orion_mviktor,2,50,10,0,1
14065,ui_playercard_mastery_orion_ngolf7,2,50,10,0,1
13982,ui_playercard_mastery_orion_papa220,2,50,10,0,1
14081,ui_playercard_mastery_orion_papa90,2,50,10,0,1
14085,ui_playercard_mastery_orion_pgolf1,2,50,10,0,1
13990,ui_playercard_mastery_orion_riotshield,2,50,10,0,1
14067,ui_playercard_mastery_orion_rkilo,2,50,10,0,1
14007,ui_playercard_mastery_orion_rpapa7,2,50,10,0,1
14122,ui_playercard_mastery_orion_sa700,2,50,10,0,1
14019,ui_playercard_mastery_orion_sbeta,2,50,10,0,1
14068,ui_playercard_mastery_orion_scharlie,2,50,10,0,1
14063,ui_playercard_mastery_orion_schotel,2,50,10,0,1
14020,ui_playercard_mastery_orion_scromeo,2,50,10,0,1
13996,ui_playercard_mastery_orion_slima,2,50,10,0,1
14050,ui_playercard_mastery_orion_soscar14,2,50,10,0,1
14089,ui_playercard_mastery_orion_swhiskey,2,50,10,0,1
14097,ui_playercard_mastery_orion_tacticalknife,2,50,10,0,1
14016,ui_playercard_mastery_orion_victor,2,50,10,0,1
13979,ui_playercard_mastery_orion_xmike2010,2,50,10,0,1
14146,ui_playercard_mastery_platinum_ahotel,2,50,10,0,1
14137,ui_playercard_mastery_platinum_akilo,2,50,10,0,1
13997,ui_playercard_mastery_platinum_akilo105,2,50,10,0,1
13977,ui_playercard_mastery_platinum_akilo74,2,50,10,0,1
13964,ui_playercard_mastery_platinum_alpha57,2,50,10,0,1
14074,ui_playercard_mastery_platinum_apapa,2,50,10,0,1
14138,ui_playercard_mastery_platinum_augolf,2,50,10,0,1
14035,ui_playercard_mastery_platinum_aviktor,2,50,10,0,1
14023,ui_playercard_mastery_platinum_beta,2,50,10,0,1
14071,ui_playercard_mastery_platinum_charlie725,2,50,10,0,1
14093,ui_playercard_mastery_platinum_decho,2,50,10,0,1
14157,ui_playercard_mastery_platinum_foxtrot,2,50,10,0,1
13959,ui_playercard_mastery_platinum_golf17,2,50,10,0,1
13973,ui_playercard_mastery_platinum_golf18,2,50,10,0,1
14128,ui_playercard_mastery_platinum_golf3,2,50,10,0,1
13998,ui_playercard_mastery_platinum_gromeo,2,50,10,0,1
14131,ui_playercard_mastery_platinum_juliet,2,50,10,0,1
13962,ui_playercard_mastery_platinum_kgolf,2,50,10,0,1
14130,ui_playercard_mastery_platinum_kilo21,2,50,10,0,1
14088,ui_playercard_mastery_platinum_kilo53,2,50,10,0,1
14092,ui_playercard_mastery_platinum_la700,2,50,10,0,1
14044,ui_playercard_mastery_platinum_limax,2,50,10,0,1
14133,ui_playercard_mastery_platinum_mbravo,2,50,10,0,1
14086,ui_playercard_mastery_platinum_mike1014,2,50,10,0,1
14135,ui_playercard_mastery_platinum_mike14,2,50,10,0,1
14147,ui_playercard_mastery_platinum_mike16,2,50,10,0,1
14153,ui_playercard_mastery_platinum_mike24,2,50,10,0,1
14118,ui_playercard_mastery_platinum_mike4,2,50,10,0,1
13989,ui_playercard_mastery_platinum_mpapa5,2,50,10,0,1
14144,ui_playercard_mastery_platinum_mpapa7,2,50,10,0,1
14119,ui_playercard_mastery_platinum_mromeo,2,50,10,0,1
13987,ui_playercard_mastery_platinum_msecho,2,50,10,0,1
14105,ui_playercard_mastery_platinum_mviktor,2,50,10,0,1
14095,ui_playercard_mastery_platinum_ngolf7,2,50,10,0,1
13995,ui_playercard_mastery_platinum_papa220,2,50,10,0,1
13975,ui_playercard_mastery_platinum_papa90,2,50,10,0,1
14053,ui_playercard_mastery_platinum_pgolf1,2,50,10,0,1
14139,ui_playercard_mastery_platinum_riotshield,2,50,10,0,1
14046,ui_playercard_mastery_platinum_rkilo,2,50,10,0,1
14104,ui_playercard_mastery_platinum_rpapa7,2,50,10,0,1
14036,ui_playercard_mastery_platinum_sa700,2,50,10,0,1
14125,ui_playercard_mastery_platinum_sbeta,2,50,10,0,1
14015,ui_playercard_mastery_platinum_scharlie,2,50,10,0,1
13960,ui_playercard_mastery_platinum_schotel,2,50,10,0,1
13980,ui_playercard_mastery_platinum_scromeo,2,50,10,0,1
13976,ui_playercard_mastery_platinum_slima,2,50,10,0,1
14039,ui_playercard_mastery_platinum_soscar14,2,50,10,0,1
14062,ui_playercard_mastery_platinum_swhiskey,2,50,10,0,1
14152,ui_playercard_mastery_platinum_tacticalknife,2,50,10,0,1
14004,ui_playercard_mastery_platinum_victor,2,50,10,0,1
14048,ui_playercard_mastery_platinum_xmike2010,2,50,10,0,1
14488,ui_playercard_1013,2,50,10,0,1
14502,ui_playercard_1014,2,50,10,0,1
14567,ui_playercard_1015,2,50,10,0,1
14517,ui_playercard_1016,2,50,10,0,1
14585,ui_playercard_1017,2,50,10,0,1
14558,ui_playercard_1018,2,50,10,0,1
14531,ui_playercard_1019,2,50,10,0,1
14537,ui_playercard_1020,2,50,10,0,1
14572,ui_playercard_1021,2,50,10,0,1
14534,ui_playercard_1022,2,50,10,0,1
14552,ui_playercard_1023,2,50,10,0,1
14587,ui_playercard_1024,2,50,10,0,1
14484,ui_playercard_1025,2,50,10,0,1
14589,ui_playercard_1026,2,50,10,0,1
14553,ui_playercard_1027,2,50,10,0,1
14510,ui_playercard_1028,2,50,10,0,1
14533,ui_playercard_1029,2,50,10,0,1
14481,ui_playercard_1030,2,50,10,0,1
14516,ui_playercard_1031,2,50,10,0,1
14496,ui_playercard_1032,2,50,10,0,1
14583,ui_playercard_1033,2,50,10,0,1
14476,ui_playercard_1034,2,50,10,0,1
14543,ui_playercard_1035,2,50,10,0,1
14477,ui_playercard_1036,2,50,10,0,1
14495,ui_playercard_1037,2,50,10,0,1
14541,ui_playercard_1038,2,50,10,0,1
14483,ui_playercard_1039,2,50,10,0,1
14474,ui_playercard_1040,2,50,10,0,1
14486,ui_playercard_1041,2,50,10,0,1
14507,ui_playercard_1042,2,50,10,0,1
14555,ui_playercard_1043,2,50,10,0,1
14580,ui_playercard_1044,2,50,10,0,1
14542,ui_playercard_1045,2,50,10,0,1
14520,ui_playercard_1046,2,50,10,0,1
14562,ui_playercard_1047,2,50,10,0,1
14508,ui_playercard_1048,2,50,10,0,1
14546,ui_playercard_1049,2,50,10,0,1
14571,ui_playercard_1050,2,50,10,0,1
14539,ui_playercard_1051,2,50,10,0,1
14556,ui_playercard_1052,2,50,10,0,1
14559,ui_playercard_1053,2,50,10,0,1
14480,ui_playercard_1054,2,50,10,0,1
14586,ui_playercard_1055,2,50,10,0,1
14504,ui_playercard_1056,2,50,10,0,1
14513,ui_playercard_1057,2,50,10,0,1
14551,ui_playercard_1058,2,50,10,0,1
14505,ui_playercard_1059,2,50,10,0,1
14503,ui_playercard_1060,2,50,10,0,1
14548,ui_playercard_1061,2,50,10,0,1
14538,ui_playercard_1062,2,50,10,0,1
14497,ui_playercard_1063,2,50,10,0,1
14529,ui_playercard_1064,2,50,10,0,1
14544,ui_playercard_1065,2,50,10,0,1
14494,ui_playercard_1066,2,50,10,0,1
14560,ui_playercard_1067,2,50,10,0,1
14479,ui_playercard_1068,2,50,10,0,1
14489,ui_playercard_1069,2,50,10,0,1
14565,ui_playercard_1070,2,50,10,0,1
14554,ui_playercard_1071,2,50,10,0,1
14522,ui_playercard_1072,2,50,10,0,1
14525,ui_playercard_1073,2,50,10,0,1
14570,ui_playercard_1074,2,50,10,0,1
14521,ui_playercard_1075,2,50,10,0,1
14566,ui_playercard_1076,2,50,10,0,1
14574,ui_playercard_1077,2,50,10,0,1
14518,ui_playercard_1078,2,50,10,0,1
14564,ui_playercard_1079,2,50,10,0,1
14527,ui_playercard_1080,2,50,10,0,1
14582,ui_playercard_1081,2,50,10,0,1
14478,ui_playercard_1082,2,50,10,0,1
14526,ui_playercard_1083,2,50,10,0,1
14550,ui_playercard_1084,2,50,10,0,1
14511,ui_playercard_1085,2,50,10,0,1
14563,ui_playercard_1086,2,50,10,0,1
14530,ui_playercard_1087,2,50,10,0,1
14569,ui_playercard_1088,2,50,10,0,1
14492,ui_playercard_1089,2,50,10,0,1
14528,ui_playercard_1090,2,50,10,0,1
14473,ui_playercard_1091,2,50,10,0,1
14506,ui_playercard_1092,2,50,10,0,1
14545,ui_playercard_1093,2,50,10,0,1
14590,ui_playercard_1094,2,50,10,0,1
14576,ui_playercard_1095,2,50,10,0,1
14515,ui_playercard_1096,2,50,10,0,1
14568,ui_playercard_1097,2,50,10,0,1
14523,ui_playercard_1098,2,50,10,0,1
14501,ui_playercard_1099,2,50,10,0,1
14482,ui_playercard_1100,2,50,10,0,1
14588,ui_playercard_1101,2,50,10,0,1
14487,ui_playercard_1102,2,50,10,0,1
14540,ui_playercard_1103,2,50,10,0,1
14493,ui_playercard_1104,2,50,10,0,1
14499,ui_playercard_1105,2,50,10,0,1
14475,ui_playercard_1106,2,50,10,0,1
14500,ui_playercard_1107,2,50,10,0,1
14577,ui_playercard_1108,2,50,10,0,1
14519,ui_playercard_1109,2,50,10,0,1
14575,ui_playercard_1110,2,50,10,0,1
14581,ui_playercard_1111,2,50,10,0,1
14491,ui_playercard_1112,2,50,10,0,1
14535,ui_playercard_1113,2,50,10,0,1
14578,ui_playercard_1114,2,50,10,0,1
14579,ui_playercard_1115,2,50,10,0,1
14509,ui_playercard_1116,2,50,10,0,1
14549,ui_playercard_1117,2,50,10,0,1
14490,ui_playercard_1118,2,50,10,0,1
14557,ui_playercard_1119,2,50,10,0,1
14512,ui_playercard_1120,2,50,10,0,1
14498,ui_playercard_1121,2,50,10,0,1
14561,ui_playercard_1122,2,50,10,0,1
14547,ui_playercard_1123,2,50,10,0,1
14584,ui_playercard_1124,2,50,10,0,1
14532,ui_playercard_1125,2,50,10,0,1
14536,ui_playercard_1126,2,50,10,0,1
14573,ui_playercard_1127,2,50,10,0,1
14514,ui_playercard_1128,2,50,10,0,1
14524,ui_playercard_1129,2,50,10,0,1
14485,ui_playercard_1130,2,50,10,0,1
16028,ui_playercard_1131,2,50,10,0,1
16027,ui_playercard_1132,2,50,10,0,1
16029,ui_playercard_1133,2,50,10,0,1
16026,ui_playercard_1134,2,50,10,0,1
16865,ui_playercard_mastery_element119_alpha50,2,50,10,0,1
16879,ui_playercard_mastery_element119_mcbravo,2,50,10,0,1
16882,ui_playercard_mastery_element119_mcharlie,2,50,10,0,1
16870,ui_playercard_mastery_element119_mpapax,2,50,10,0,1
16877,ui_playercard_mastery_gold_alpha50,2,50,10,0,1
16871,ui_playercard_mastery_gold_mcbravo,2,50,10,0,1
16869,ui_playercard_mastery_gold_mcharlie,2,50,10,0,1
16872,ui_playercard_mastery_gold_mpapax,2,50,10,0,1
16864,ui_playercard_mastery_orion_alpha50,2,50,10,0,1
16878,ui_playercard_mastery_orion_mcbravo,2,50,10,0,1
16868,ui_playercard_mastery_orion_mcharlie,2,50,10,0,1
16875,ui_playercard_mastery_orion_mpapax,2,50,10,0,1
16866,ui_playercard_mastery_platinum_alpha50,2,50,10,0,1
16874,ui_playercard_mastery_platinum_mcbravo,2,50,10,0,1
16883,ui_playercard_mastery_platinum_mcharlie,2,50,10,0,1
16876,ui_playercard_mastery_platinum_mpapax,2,50,10,0,1
17531,ui_playercard_rankedplay_01,2,50,10,0,1
17535,ui_playercard_rankedplay_02,2,50,10,0,1
17527,ui_playercard_rankedplay_03,2,50,10,0,1
17526,ui_playercard_rankedplay_04,2,50,10,0,1
17529,ui_playercard_rankedplay_05,2,50,10,0,1
17523,ui_playercard_rankedplay_06,2,50,10,0,1
17528,ui_playercard_rankedplay_07,2,50,10,0,1
17524,ui_playercard_rankedplay_08,2,50,10,0,1
17525,ui_playercard_rankedplay_09,2,50,10,0,1
17530,ui_playercard_rankedplay_10,2,50,10,0,1
17534,ui_playercard_rankedplay_11,2,50,10,0,1
17533,ui_playercard_rankedplay_12,2,50,10,0,1
17532,ui_playercard_rankedplay_13,2,50,10,0,1
20001,ui_playercard_mastery_element119_acharlie300,2,50,10,0,1
20002,ui_playercard_mastery_element119_crossbow,2,50,10,0,1
20003,ui_playercard_mastery_element119_sword,2,50,10,0,1
20004,ui_playercard_mastery_element119_vecho,2,50,10,0,1
20005,ui_playercard_mastery_gold_acharlie300,2,50,10,0,1
20006,ui_playercard_mastery_gold_crossbow,2,50,10,0,1
20007,ui_playercard_mastery_gold_sword,2,50,10,0,1
20008,ui_playercard_mastery_gold_vecho,2,50,10,0,1
20009,ui_playercard_mastery_orion_acharlie300,2,50,10,0,1
20010,ui_playercard_mastery_orion_crossbow,2,50,10,0,1
20011,ui_playercard_mastery_orion_sword,2,50,10,0,1
20012,ui_playercard_mastery_orion_vecho,2,50,10,0,1
20013,ui_playercard_mastery_platinum_acharlie300,2,50,10,0,1
20014,ui_playercard_mastery_platinum_crossbow,2,50,10,0,1
20015,ui_playercard_mastery_platinum_sword,2,50,10,0,1
20016,ui_playercard_mastery_platinum_vecho,2,50,10,0,1
21342,ui_playercard_rankedplay_14,2,50,10,0,1
21343,ui_playercard_rankedplay_15,2,50,10,0,1
21344,ui_playercard_rankedplay_16,2,50,10,0,1
21345,ui_playercard_wz_rankedplay_01,2,50,10,0,1
21346,ui_playercard_wz_rankedplay_02,2,50,10,0,1
21347,ui_playercard_wz_rankedplay_03,2,50,10,0,1
21348,ui_playercard_wz_rankedplay_04,2,50,10,0,1
21349,ui_playercard_wz_rankedplay_05,2,50,10,0,1
21350,ui_playercard_wz_rankedplay_06,2,50,10,0,1
21351,ui_playercard_wz_rankedplay_07,2,50,10,0,1
21352,ui_playercard_wz_rankedplay_08,2,50,10,0,1
21353,ui_playercard_wz_rankedplay_09,2,50,10,0,1
21354,ui_playercard_wz_rankedplay_10,2,50,10,0,1
21355,ui_playercard_wz_rankedplay_11,2,50,10,0,1
21356,ui_playercard_wz_rankedplay_12,2,50,10,0,1
21357,ui_playercard_wz_rankedplay_13,2,50,10,0,1
20906,ui_playercard_1135,2,50,10,0,1
20907,ui_playercard_1136,2,50,10,0,1
20908,ui_playercard_1137,2,50,10,0,1
20909,ui_playercard_1138,2,50,10,0,1
20910,ui_playercard_1139,2,50,10,0,1
20911,ui_playercard_1140,2,50,10,0,1
20912,ui_playercard_1141,2,50,10,0,1
20913,ui_playercard_1142,2,50,10,0,1
20914,ui_playercard_1143,2,50,10,0,1
20915,ui_playercard_1144,2,50,10,0,1
20916,ui_playercard_1145,2,50,10,0,1
20917,ui_playercard_1146,2,50,10,0,1
20918,ui_playercard_1147,2,50,10,0,1
20919,ui_playercard_1148,2,50,10,0,1
20920,ui_playercard_1149,2,50,10,0,1
20921,ui_playercard_1150,2,50,10,0,1
20922,ui_playercard_1151,2,50,10,0,1
20923,ui_playercard_1152,2,50,10,0,1
20924,ui_playercard_1153,2,50,10,0,1
20925,ui_playercard_1154,2,50,10,0,1
20926,ui_playercard_1155,2,50,10,0,1
20927,ui_playercard_1156,2,50,10,0,1
20928,ui_playercard_1157,2,50,10,0,1
20929,ui_playercard_1158,2,50,10,0,1
20930,ui_playercard_1159,2,50,10,0,1
20931,ui_playercard_1160,2,50,10,0,1
20932,ui_playercard_1161,2,50,10,0,1
20933,ui_playercard_1162,2,50,10,0,1
20934,ui_playercard_1163,2,50,10,0,1
20935,ui_playercard_1164,2,50,10,0,1
20936,ui_playercard_1165,2,50,10,0,1
20937,ui_playercard_1166,2,50,10,0,1
20938,ui_playercard_1167,2,50,10,0,1
20939,ui_playercard_1168,2,50,10,0,1
20940,ui_playercard_1169,2,50,10,0,1
20941,ui_playercard_1170,2,50,10,0,1
20942,ui_playercard_1171,2,50,10,0,1
20943,ui_playercard_1172,2,50,10,0,1
20944,ui_playercard_1173,2,50,10,0,1
20945,ui_playercard_1174,2,50,10,0,1
20946,ui_playercard_1175,2,50,10,0,1
20947,ui_playercard_1176,2,50,10,0,1
20948,ui_playercard_1177,2,50,10,0,1
20949,ui_playercard_1178,2,50,10,0,1
20950,ui_playercard_1179,2,50,10,0,1
20951,ui_playercard_1180,2,50,10,0,1
20952,ui_playercard_1181,2,50,10,0,1
20953,ui_playercard_1182,2,50,10,0,1
20954,ui_playercard_1183,2,50,10,0,1
20955,ui_playercard_1184,2,50,10,0,1
20956,ui_playercard_1185,2,50,10,0,1
20957,ui_playercard_1186,2,50,10,0,1
20958,ui_playercard_1187,2,50,10,0,1
20959,ui_playercard_1188,2,50,10,0,1
20960,ui_playercard_1189,2,50,10,0,1
20961,ui_playercard_1190,2,50,10,0,1
20962,ui_playercard_1191,2,50,10,0,1
20963,ui_playercard_1192,2,50,10,0,1
20964,ui_playercard_1193,2,50,10,0,1
20965,ui_playercard_1194,2,50,10,0,1
20966,ui_playercard_1195,2,50,10,0,1
20967,ui_playercard_1196,2,50,10,0,1
20968,ui_playercard_1197,2,50,10,0,1
20969,ui_playercard_1198,2,50,10,0,1
20970,ui_playercard_1199,2,50,10,0,1
20971,ui_playercard_1200,2,50,10,0,1
24563,ui_playercard_mastery_element119_stango25,2,50,10,0,1
24564,ui_playercard_mastery_gold_stango25,2,50,10,0,1
24565,ui_playercard_mastery_orion_stango25,2,50,10,0,1
24566,ui_playercard_mastery_platinum_stango25,2,50,10,0,1
24588,ui_playercard_1217,2,50,10,0,1
24589,ui_playercard_1218,2,50,10,0,1
24590,ui_playercard_1219,2,50,10,0,1
24591,ui_playercard_1220,2,50,10,0,1
24592,ui_playercard_1221,2,50,10,0,1
30300,ui_playercard_1222,2,50,10,0,1
30301,ui_playercard_1223,2,50,10,0,1
30302,ui_playercard_1224,2,50,10,0,1
30303,ui_playercard_1225,2,50,10,0,1
30304,ui_playercard_1226,2,50,10,0,1
30305,ui_playercard_1227,2,50,10,0,1
26733,ui_playercard_1235,2,50,10,0,1
26734,ui_playercard_1236,2,50,10,0,1
26735,ui_playercard_1237,2,50,10,0,1
26736,ui_playercard_1238,2,50,10,0,1
26737,ui_playercard_1239,2,50,10,0,1
26738,ui_playercard_1240,2,50,10,0,1
29279,ui_playercard_1241,2,50,10,0,1
29280,ui_playercard_1242,2,50,10,0,1
29281,ui_playercard_1243,2,50,10,0,1
29282,ui_playercard_1244,2,50,10,0,1
29283,ui_playercard_1245,2,50,10,0,1
25037,ui_playercard_1246,2,50,10,0,1
26060,ui_playercard_1249,2,50,10,0,1
30306,ui_playercard_1250,2,50,10,0,1
30307,ui_playercard_1251,2,50,10,0,1
30308,ui_playercard_1252,2,50,10,0,1
30309,ui_playercard_1253,2,50,10,0,1
26208,ui_playercard_mastery_element119_india,2,50,10,0,1
26209,ui_playercard_mastery_element119_ngsierra,2,50,10,0,1
26210,ui_playercard_mastery_gold_india,2,50,10,0,1
26211,ui_playercard_mastery_gold_ngsierra,2,50,10,0,1
26212,ui_playercard_mastery_orion_india,2,50,10,0,1
26213,ui_playercard_mastery_orion_ngsierra,2,50,10,0,1
26214,ui_playercard_mastery_platinum_india,2,50,10,0,1
26215,ui_playercard_mastery_platinum_ngsierra,2,50,10,0,1
26346,ui_playercard_rankedplay_17,2,50,10,0,1
26347,ui_playercard_rankedplay_18,2,50,10,0,1
26348,ui_playercard_rankedplay_19,2,50,10,0,1
26349,ui_playercard_wz_rankedplay_14,2,50,10,0,1
26350,ui_playercard_wz_rankedplay_15,2,50,10,0,1
26351,ui_playercard_wz_rankedplay_16,2,50,10,0,1
29284,ui_playercard_mastery_element119_dechoauto,2,50,10,0,1
29285,ui_playercard_mastery_element119_tango9,2,50,10,0,1
29286,ui_playercard_mastery_gold_dechoauto,2,50,10,0,1
29287,ui_playercard_mastery_gold_tango9,2,50,10,0,1
29288,ui_playercard_mastery_orion_dechoauto,2,50,10,0,1
29289,ui_playercard_mastery_orion_tango9,2,50,10,0,1
29290,ui_playercard_mastery_platinum_dechoauto,2,50,10,0,1
29291,ui_playercard_mastery_platinum_tango9,2,50,10,0,1
31316,ui_playercard_wz_rankedplay_19,2,50,10,0,1
31317,ui_playercard_wz_rankedplay_20,2,50,10,0,1
31318,ui_playercard_wz_rankedplay_21,2,50,10,0,1
31313,ui_playercard_rankedplay_20,2,50,10,0,1
31314,ui_playercard_rankedplay_21,2,50,10,0,1
31315,ui_playercard_rankedplay_22,2,50,10,0,1
31448,ui_playercard_mastery_element119_acharlie45,2,50,10,0,1
31449,ui_playercard_mastery_element119_acharlie9,2,50,10,0,1
31450,ui_playercard_mastery_element119_falpha,2,50,10,0,1
31451,ui_playercard_mastery_element119_fecho,2,50,10,0,1
31452,ui_playercard_mastery_element119_helima,2,50,10,0,1
31453,ui_playercard_mastery_element119_kamas,2,50,10,0,1
31454,ui_playercard_mastery_element119_malima,2,50,10,0,1
31455,ui_playercard_mastery_element119_mike2011,2,50,10,0,1
31456,ui_playercard_mastery_element119_mkilo3,2,50,10,0,1
31457,ui_playercard_mastery_element119_ralpha,2,50,10,0,1
31458,ui_playercard_mastery_element119_tonfa,2,50,10,0,1
31459,ui_playercard_mastery_element119_tsierra,2,50,10,0,1
31460,ui_playercard_mastery_element119_walpha,2,50,10,0,1
31461,ui_playercard_mastery_gold_acharlie45,2,50,10,0,1
31462,ui_playercard_mastery_gold_acharlie9,2,50,10,0,1
31463,ui_playercard_mastery_gold_falpha,2,50,10,0,1
31464,ui_playercard_mastery_gold_fecho,2,50,10,0,1
31465,ui_playercard_mastery_gold_helima,2,50,10,0,1
31466,ui_playercard_mastery_gold_kamas,2,50,10,0,1
31467,ui_playercard_mastery_gold_malima,2,50,10,0,1
31468,ui_playercard_mastery_gold_mike2011,2,50,10,0,1
31469,ui_playercard_mastery_gold_mkilo3,2,50,10,0,1
31470,ui_playercard_mastery_gold_ralpha,2,50,10,0,1
31471,ui_playercard_mastery_gold_tonfa,2,50,10,0,1
31472,ui_playercard_mastery_gold_tsierra,2,50,10,0,1
31473,ui_playercard_mastery_gold_walpha,2,50,10,0,1
31474,ui_playercard_mastery_orion_acharlie45,2,50,10,0,1
31475,ui_playercard_mastery_orion_acharlie9,2,50,10,0,1
31476,ui_playercard_mastery_orion_falpha,2,50,10,0,1
31477,ui_playercard_mastery_orion_fecho,2,50,10,0,1
31478,ui_playercard_mastery_orion_helima,2,50,10,0,1
31479,ui_playercard_mastery_orion_kamas,2,50,10,0,1
31480,ui_playercard_mastery_orion_malima,2,50,10,0,1
31481,ui_playercard_mastery_orion_mike2011,2,50,10,0,1
31482,ui_playercard_mastery_orion_mkilo3,2,50,10,0,1
31483,ui_playercard_mastery_orion_ralpha,2,50,10,0,1
31484,ui_playercard_mastery_orion_tonfa,2,50,10,0,1
31485,ui_playercard_mastery_orion_tsierra,2,50,10,0,1
31486,ui_playercard_mastery_orion_walpha,2,50,10,0,1
31487,ui_playercard_mastery_platinum_acharlie45,2,50,10,0,1
31488,ui_playercard_mastery_platinum_acharlie9,2,50,10,0,1
31489,ui_playercard_mastery_platinum_falpha,2,50,10,0,1
31490,ui_playercard_mastery_platinum_fecho,2,50,10,0,1
31491,ui_playercard_mastery_platinum_helima,2,50,10,0,1
31492,ui_playercard_mastery_platinum_kamas,2,50,10,0,1
31493,ui_playercard_mastery_platinum_malima,2,50,10,0,1
31494,ui_playercard_mastery_platinum_mike2011,2,50,10,0,1
31495,ui_playercard_mastery_platinum_mkilo3,2,50,10,0,1
31496,ui_playercard_mastery_platinum_ralpha,2,50,10,0,1
31497,ui_playercard_mastery_platinum_tonfa,2,50,10,0,1
31498,ui_playercard_mastery_platinum_tsierra,2,50,10,0,1
31499,ui_playercard_mastery_platinum_walpha,2,50,10,0,1
ui_playercard_rankedplay_23,2,50,10,0,1,
ui_playercard_rankedplay_24,2,50,10,0,1,
ui_playercard_rankedplay_25,2,50,10,0,1,
37476,ui_playercard_mastery_element119_pickaxe,2,50,10,0,1
37477,ui_playercard_mastery_element119_sdelta,2,50,10,0,1
37478,ui_playercard_mastery_gold_pickaxe,2,50,10,0,1
37479,ui_playercard_mastery_gold_sdelta,2,50,10,0,1
37480,ui_playercard_mastery_orion_pickaxe,2,50,10,0,1
37481,ui_playercard_mastery_orion_sdelta,2,50,10,0,1
37482,ui_playercard_mastery_platinum_pickaxe,2,50,10,0,1
37483,ui_playercard_mastery_platinum_sdelta,2,50,10,0,1
