strike,sp_strike,sp22
nightwar,sp_nightwar,sp22
marina,sp_marina,sp22
montage_canals,sp_montage_canals,sp22
border,sp_border,sp22
backstabbed,sp_backstabbed,sp22
gunship_compound,sp_gunship_compound,sp22
intercept,sp_intercept,sp22
convoy_chase,sp_convoy_chase,sp22
party,sp_party,sp22
shipaf,sp_shipaf,sp22
wounded,sp_wounded,sp22
prison,sp_prison,sp22
stolen,sp_stolen,sp22
shadowbase,sp_shadowbase,sp22
tower,sp_tower,sp22
mp_main_menu,mp_main_menu,mp22
br_main_menu,br_main_menu,mp22
mp_br,br_main_menu,mp22
mp_br_teams,br_main_menu,mp22
dmz_main_menu,dmz_main_menu,mp22
mp_dmz,dmz_main_menu,mp22
mp_dmz_teams,dmz_main_menu,mp22
mp_resurgence,br_main_menu,mp22
mp_resurgence_teams,br_main_menu,mp22
cp_jup_dam,cp_jup_dam,sp23
sp_jup_vip,sp_jup_vip,sp23
cp_jup_port,cp_jup_port,sp23
cp_jup_chemical,cp_jup_chemical,sp23
sp_jup_silo,sp_jup_silo,sp23
sp_jup_milbase,sp_jup_milbase,sp23
sp_jup_hijack,sp_jup_hijack,sp23
cp_jup_ranch,cp_jup_ranch,sp23
sp_jup_flashback,sp_jup_flashback,sp23
cp_jup_resort,cp_jup_resort,sp23
cp_jup_apt,cp_jup_apt,sp23
sp_jup_tundra,sp_jup_tundra,sp23
sp_jup_gunship,sp_jup_gunship,sp23
sp_jup_surge,sp_jup_surge,sp23
