brloot_killstreak_recondrone,9236
brloot_equip_gasmask_durable,8590
brloot_offhand_gas,9096
brloot_weapon_pi_swhiskey_comm,11367
loot_key_crane_building,8455
loot_key_crane_building_used,8498
loot_key_crane_building_worn,8504
brloot_super_tacticalcamera,9225
brloot_offhand_geigercounter,9106
brloot_experiment_harddrive,19241
brloot_weapon_ar_acharlie300_comm_br,14657
loot_key_fortress,8557
brloot_gps_tracker,11200
brloot_tracking_device,11206
brloot_unhacked_laptop,11247
brloot_biolab_usb,19246
brloot_pmc_instructions,19233
brloot_discrete_radio,19217
brloot_hacked_usb,11262
brloot_ceo_laptop,19244
brloot_shipping_manifest,8647
brloot_black_mous_harddrive_downloaded,21647
brloot_shadow_company_laptop,32131
brloot_valuable_vondelgas,32110
